,TERMINAL_ID,x_terminal_id,y_terminal_id
0,0,54.88135039273247,71.51893663724195
1,1,60.276337607164386,54.48831829968969
2,2,42.36547993389047,64.58941130666561
3,3,43.75872112626925,89.17730007820798
4,4,96.36627605010293,38.34415188257777
