CUSTOMER_ID,x_customer_id,y_customer_id,mean_amount,std_amount,mean_nb_tx_per_day,available_terminals
"0,54.88135039273247,71.51893663724195,62.262520726806166,31.131260363403083,2.1795327319875875,"0,1,2,3""
"1,42.36547993389047,64.58941130666561,46.57078506995579,23.285392534977895,3.567092003128319,"0,1,2,3""
"2,96.36627605010293,38.34415188257777,80.21387861785314,40.10693930892657,2.115579679011618,"1,4""
"3,56.80445610939323,92.5596638292661,11.74842552879926,5.87421276439963,0.34851719880616283,"0,1,2,3""
"4,2.021839744032572,83.2619845547938,78.9248913402358,39.4624456701179,3.4800485929872766,"2,3""
